country,Albania,Albania,Argentina,Argentina,Australia,Australia,Australia,Austria,Austria,Belgium,Belgium,Belgium,Brazil,Brazil,Brazil,Bulgaria,Bulgaria,Cambodia,Cambodia,Canada,Canada,Canada,Chile,Chile,Colombia,Colombia,Croatia,Croatia,Czech Republic,Czech Republic,Czech Republic,Denmark,Denmark,Denmark,Egypt,Egypt,Estonia,Estonia,Estonia,Finland,Finland,Finland,France,France,France,Germany,Germany,Germany,Greece,Greece,Hong Kong,Hong Kong,Hungary,Hungary,Iceland,Iceland,India,India,Indonesia,Indonesia,Ireland,Ireland,Ireland,Israel,Israel,Italy,Italy,Italy,Japan,Japan,Japan,Latvia,Latvia,Lithuania,Lithuania,Luxembourg,Luxembourg,Luxembourg,Macao,Macao,Malaysia,Malaysia,Mexico,Mexico,Mexico,Morocco,Morocco,Netherlands,Netherlands,Netherlands,New Zealand,New Zealand,New Zealand,Norway,Norway,Norway,Philippines,Philippines,Philippines,Poland,Poland,Portugal,Portugal,Republic of Korea,Republic of Korea,Romania,Romania,Russia,Russia,Saudi Arabia,Saudi Arabia,Serbia,Serbia,Singapore,Singapore,Singapore,Slovakia,Slovakia,Slovakia,Slovenia,Slovenia,South Africa,South Africa,Spain,Spain,Spain,Sweden,Sweden,Sweden,Switzerland,Switzerland,Switzerland,Taiwan,Taiwan,Taiwan,Thailand,Thailand,Turkey,Turkey,Ukraine,Ukraine,United Arab Emirates,United Arab Emirates,United Kingdom,United Kingdom,United Kingdom,United States,United States,United States,Uruguay,Uruguay,Vietnam,Vietnam
transportation_type,driving,walking,driving,walking,driving,transit,walking,driving,walking,driving,transit,walking,driving,transit,walking,driving,walking,driving,walking,driving,transit,walking,driving,walking,driving,walking,driving,walking,driving,transit,walking,driving,transit,walking,driving,walking,driving,transit,walking,driving,transit,walking,driving,transit,walking,driving,transit,walking,driving,walking,driving,walking,driving,walking,driving,walking,driving,walking,driving,walking,driving,transit,walking,driving,walking,driving,transit,walking,driving,transit,walking,driving,walking,driving,walking,driving,transit,walking,driving,walking,driving,walking,driving,transit,walking,driving,walking,driving,transit,walking,driving,transit,walking,driving,transit,walking,driving,transit,walking,driving,walking,driving,walking,driving,walking,driving,walking,driving,walking,driving,walking,driving,walking,driving,transit,walking,driving,transit,walking,driving,walking,driving,walking,driving,transit,walking,driving,transit,walking,driving,transit,walking,driving,transit,walking,driving,walking,driving,walking,driving,walking,driving,walking,driving,transit,walking,driving,transit,walking,driving,walking,driving,walking
2020-12-08,-23.568663331417223,65.89442239870081,-24.73807661957887,-38.81237185092638,4.785401501574158,-38.34760221159781,-15.01464362489497,-9.116953885377546,-5.473481573799796,15.053607406471446,-4.1338691085063415,7.9927573186910505,13.04427179037236,-18.553350597427045,13.60716599461267,-56.504451409355376,38.06229624743534,-57.99094782507564,-28.252823999583615,-15.942187333531837,-56.04739913832197,23.62109270934146,-3.387216054915877,-14.531481418628232,-1.2429719768178575,20.56675788440013,-129.0118155927684,-129.9849916707892,-43.85697150526045,-32.67270817763932,-30.969887693065548,0.13990110344479195,-5.547176300899119,0.5172067450979024,58.26928881622981,69.99133657090283,-33.88015043747076,9.133931049363646,-30.999902157691658,-17.97646775935293,1.705076253339742,-19.237057608962793,3.95426565948222,11.601437259792778,-13.719285332580295,6.596752812438588,21.22089336650843,-19.98889892942009,-66.90994538923906,17.623283061407975,-30.060915104681705,-35.51969365990726,-7.827358381797372,-27.689100889808067,-55.10784186063092,-46.99051994497584,31.77164300238488,27.1223014154481,-2.829965043753167,-34.372520701647126,-11.568713192799402,-47.91614774012323,-37.18037788193965,1.3434698766087907,-3.0641548534373153,-14.134883919817103,-33.837686865969395,-6.261284537082513,30.405609905290873,20.994075600057343,19.56600273084616,-56.12952356130107,-10.114630186631516,-46.75471165899749,-39.288951449721026,-6.249443268393696,-23.627879006169515,11.523597285898134,-57.96264027144681,-66.919215386439,-22.76654650230123,-50.94885801009606,-0.6531213695745137,-36.66699119830523,5.680269678336629,-12.322968812792002,-40.41991738548411,-8.577437509727384,-40.363320417375625,-0.8936677862066578,12.834895229063825,-33.596003380752734,-12.183905083445865,-40.45111437895167,-8.25114358135389,-26.68227889492575,-47.35721391242611,-56.65106997706809,-46.525346829562984,-15.268199571421832,15.777424340082451,-0.31621584752926246,-22.13429420001868,-38.46322473688956,-46.83988679770952,-0.8935123170410599,15.365299892659971,-7.5341849312002935,0.5977956458771556,0.4939176148378621,0.9523847325324586,2.4841753860588813,13.873986548664249,-23.85799517602902,-18.978008371330215,-30.5437525234489,-21.207099747809163,-23.221422705296938,12.188251509684545,-88.86201604433803,-50.40375832457287,13.025932418291047,5.044977100337479,3.2900693526034672,-2.8317125484015233,-28.966084476287623,-26.728866170067533,-5.008602054940551,4.206909665046496,3.4946626880617733,-27.12632651387998,19.245588173948647,-8.19776246096166,-19.219685553937566,6.995695818510315,-3.5980080826217637,-40.83529501867656,-3.484776728237303,31.14891115011618,-0.6590668777313602,42.87538206216779,206.60873314780403,212.50448033641294,6.610839580831218,-38.14349892147776,-2.426539483737304,17.448013062960648,-46.760201825533066,20.541732261595268,-28.99212262559732,-26.226754431826965,4.077297817031907,33.47046841923598
2020-12-09,-24.68882140442772,65.50892084521267,-22.65593422407107,-37.688412151086375,6.5061209881557485,-38.52391340083274,-14.143869156938377,-8.340372765748107,-5.083713809586616,17.476861425843857,-3.287352502884011,10.765336883175959,14.909683589386539,-18.696989718042303,14.257885586593535,-55.20673552717236,38.34544637790434,-57.704003153957764,-28.568728935322323,-15.581780131786921,-56.36761781360415,23.925092406992945,-1.5035752726599276,-13.104264723586024,-0.6626736714249661,20.490429692382833,-131.38019390246737,-139.57479397840137,-41.53435946638374,-32.39022490768697,-29.518177515861872,1.1897664740197136,-6.669981968318817,1.613062082842121,61.7670739925388,72.53143550485888,-31.005748814715382,8.924754681001701,-29.28895032278883,-16.48629134529947,1.4882754332012946,-18.81956137389082,4.843856756911678,12.296866762857295,-12.560526905186693,6.491404678711084,19.446484592146312,-21.45397934103068,-67.36190414924748,14.472765293085661,-29.916970908140947,-35.13459064392536,-5.8588849952701665,-27.600879335672456,-55.782951838024076,-49.48777013381655,33.335316962787935,28.306429590342873,-1.0382059896089366,-33.56098456252814,-11.05311835911791,-48.261430435273084,-37.32283355259252,0.150355163914623,-3.8801671522355385,-14.69867380243041,-34.97270135167422,-7.315995873522305,31.18101352394018,21.19030933263548,20.14696746185022,-56.591958493040096,-12.097932798546513,-46.74723269134271,-39.945564925982076,-6.24591975929568,-23.90551670829938,12.600299723384655,-58.22236041869935,-67.61138103599286,-21.560076353445893,-49.59263235595176,-0.017988163682830738,-37.5996763638504,5.571720146136354,-11.42028421127329,-40.0374377210925,-7.4256375285402685,-40.65064325293541,0.7169382667052575,13.842763832550375,-34.3539705831096,-11.269732221783835,-38.68646851217569,-8.517479077794947,-25.097441896265995,-47.749752688395326,-56.894669876967015,-46.3267708643756,-13.748580595084647,15.484843054006005,0.4196767563142134,-22.521108142533873,-37.67064611248836,-46.61980572657392,-0.4046963946407869,14.98441455569835,-8.702971573415818,-1.4784469762678372,2.896567204966673,3.3665150850420686,2.805799462097808,12.824058226267239,-22.899158555456594,-17.82906932109459,-29.47042528033958,-19.785303016091575,-23.601635638949872,13.643571123690194,-87.08036939321639,-48.59597189717422,16.107037985073084,7.4408925056613375,3.518160305397329,-2.1454821027283923,-29.141990443310362,-24.211836578590262,-5.344062117163411,5.496212159028733,6.34987552918327,-26.325611841837137,21.746979705781225,-5.176219338972478,-17.578746570689948,9.771124994352109,-3.7327744377165235,-40.213368116135584,-0.06728464882481822,32.85861658824805,-0.568874622453484,42.520151683665055,210.9783553994651,215.88842352903924,6.969578761620525,-37.84587952682507,-1.587571974629731,18.794676068111855,-46.634126456038736,21.556355469397502,-27.175618809760316,-25.18321139876251,3.968421394320673,33.513414034416485
2020-12-10,-24.281978485471626,64.14676071848247,-19.877758122197726,-35.16743325399647,12.48843326192966,-36.59107533017718,-9.29756294266576,-8.215459025513281,-4.003094196633025,16.21485071345028,-5.294919222242437,9.683997227279152,17.282158558752045,-19.45239503699922,15.13551640533114,-54.09486615261029,38.92547307994281,-57.944988983244144,-28.485873562818202,-12.048642405095391,-55.766777269010404,26.282050549852592,0.21910160801027834,-12.368655655358163,0.9026953307514671,22.76305471117918,-131.24799394372607,-143.76781498438748,-41.488215234807065,-34.31804526366046,-30.40249948048497,-0.29194829329733096,-6.909249287992292,0.2577411868661425,64.30545640201952,74.34604060369387,-28.633924275387326,7.474967601480412,-28.1274594667134,-15.047997607648202,0.13776061834553938,-20.855382685372263,4.894500088261568,11.851905420247189,-12.056968018769808,6.920268265211089,20.18105371730019,-20.781853646160698,-67.18798954017002,17.677399947273706,-27.429875021447575,-32.76884394361582,-3.8107922961614236,-24.890307039517655,-54.35049744416994,-47.57774270510995,34.18707472427139,28.553165442187506,-0.4575785583587999,-32.98398257664577,-10.740564633698776,-48.139015540486426,-36.09134778511655,8.976020257990946,7.114687701532307,-13.79303410595692,-34.43559746084831,-6.477262112334202,34.47652290468341,23.82856645314469,21.845698485638973,-55.377128073033,-11.776752183677411,-44.94117562455459,-38.66447067239541,-4.562511834788975,-24.950358482391746,12.110754174161723,-57.65343875947196,-67.04591151124774,-16.792263820805836,-46.41216589998263,3.5132472788499176,-36.975397197002096,8.576971137845737,-10.799070773603427,-40.09450948650599,-6.746795454957672,-39.732526250626364,2.0921652173580183,23.749134279884032,-31.927378709182868,-3.598590415413872,-37.47751166073989,-8.68346528400388,-25.048246347039814,-46.18073323012827,-56.37161206204552,-45.35877769827285,-12.183313565267373,17.367454370113485,-0.35076246204323613,-23.0154136219589,-34.41942873960248,-43.906996475560554,1.4324459142016597,15.648979774494752,-6.971844638528667,-1.57554627422074,11.338917346838823,9.161636141524573,4.780157237691233,15.275621745508985,-19.270296897500867,-14.746522390909123,-25.45589665561001,-19.1299701273705,-23.37257597268874,14.858262015599479,-85.56193069955387,-49.29548944863489,19.045072671878934,9.772470608798658,5.649175613111431,-1.453009872497565,-27.202928120619507,-22.470610612861922,-6.001269292160888,4.559014432669574,4.986218781867985,-29.028431634674558,20.571754770072808,0.05582322649589955,-13.27046959761171,15.328115092938624,2.5568612812275857,-37.15608356682718,-1.2686219908309058,31.339681994264467,-0.22041085984870756,42.190711284104374,218.46915426185433,222.37941860674476,6.835529660471346,-39.17176508391357,-3.083522968807442,21.75194763004602,-46.29534485512623,23.465340432470143,-23.68724331023675,-22.328188110808753,4.998382332448194,35.412829210743986
2020-12-11,-15.667613415946864,68.02346513395445,-9.81721937792717,-29.12631486177841,11.013966007101551,-36.216643333788106,0.34660055143111634,-0.9931076149386273,-0.5797765400131736,21.949299601044103,-6.083023052540378,15.10884559262664,31.964465029053272,-19.715021248695294,23.267971280055065,-42.58619875199146,47.634341237277106,-54.36631173673429,-25.218825837452012,1.811260014845553,-53.16538324424259,40.24343948262706,10.74390290333621,-6.842252445195506,7.06389361296673,26.721652182487954,-115.820304312919,-140.30427294506015,-33.051002031822925,-35.86491216740617,-22.816798529728306,6.1553056730969855,-0.20563379396362969,14.074272897892522,52.878644933609465,64.99690513488041,-6.525171737650986,11.192096350785471,-1.5125876194294392,-1.3056253740117594,2.7815958191540235,-12.21279241532041,9.236032053835912,11.660098499229779,-10.831831736603382,15.618974377021637,23.866366422764443,-12.256186523133898,-63.441346088950084,21.835372328908342,-18.654896037438025,-23.26718732862733,6.0550548700594975,-15.761331754075332,-33.25732274814209,-35.31896380108911,38.997711853380665,30.8992443487672,16.082687988975323,-23.766670775352083,-2.7244156259870014,-44.58107361615176,-25.414574319731194,-13.57745592235414,-16.649436914283733,-5.913702276877177,-33.54130171369127,0.24213325826920373,54.35135371963263,39.605976454154984,39.09840172196605,-39.97981727303974,2.464323754731492,-27.840551997967555,-22.096479866487986,-3.63777394257514,-23.77681729736664,16.838901253828276,-53.64606030413613,-62.57671971655797,1.42478531160722,-34.69741025477287,19.688008903658734,-33.82236766048284,21.62469860801214,-7.2813037164105765,-37.4537708657463,-1.0364225346891072,-37.73535853502901,14.225528804509082,19.70527781952288,-33.261769588911946,1.7063725609498643,-29.373850898369973,-6.537856916796507,-18.68159124393457,-39.87356677160919,-54.36649072828339,-40.61973352276199,-0.10565736943541282,29.654658763998647,8.361620134633299,-14.779175168908344,-25.456538493695355,-34.84495934417364,8.952506214171127,18.99448754247554,1.8870289198623436,1.8636831355553447,12.886882600410532,9.812351288796174,11.7954830341424,19.76502980670267,-11.650072422105449,-7.232185199272587,-13.550849987173452,-11.772489191620506,-21.82636173453874,19.38721152859179,-71.2215640650925,-44.450240140393525,31.398480942941802,18.924359412171643,14.402818440598608,1.854084002409405,-18.89179939572469,-17.783383798549323,-2.9319474197260313,13.990684708467326,13.234622237268113,-28.541182777413887,27.31748848697645,24.051720477016076,3.599013575247536,40.961068379050786,30.926796040051755,-22.663754141882656,8.541998847139297,36.97864782199011,9.053451450582768,44.92931220080815,218.74927281370768,226.58607033200252,15.152827234485532,-36.02479726187933,8.740374664562333,39.619032240419095,-41.42218763313628,43.835172360840886,-8.254828255235797,-14.454197784023245,14.968901270873543,45.371921807586645
2020-12-12,-9.409975145487818,66.61224869814222,-9.77215928203867,-33.08060446791949,-6.020087411456038,-44.91111380344525,-13.700408806372987,-9.134002469027315,-2.6424389708264866,15.647415870830233,-11.886261927574584,26.994338941624346,33.78625007239139,-28.54087463808768,21.38010171012857,-47.5730793189827,43.23816797980867,-53.9601092075026,-23.092676633061803,-11.586320847819042,-58.580379593716145,36.69951931556102,0.5704387096192778,-18.676197923535057,18.826057038722077,35.754966049303945,-113.74052636344598,-142.8076948539853,-47.315329457365955,-43.76131350250641,-24.14057411922531,-2.3896015946423423,-5.054433163463178,7.683756055367728,57.94606589421192,70.92174159613738,-14.097958408884352,-5.207830812082256,-8.191412206626005,-9.531635433041927,-2.518770574354987,-14.47228209807298,5.787304045899365,7.622890291503602,-7.640552510741434,7.762300989290323,22.911650299692077,-4.364348681928279,-68.66857100536502,20.626363150470596,-24.958857026183022,-30.757517290828815,-3.2329748214275456,-18.297567429482555,-39.22817567279211,-40.76869257543625,43.198710238710184,32.577269068301646,26.12969386363329,-16.601062996567297,-8.421437358153021,-47.720579160140275,-20.91583322585948,-9.978876018259658,-17.51325200486923,-2.971253299589984,-34.053423140949285,12.00765007779642,56.6976268909994,40.3606697818884,42.076739773216936,-48.63315333737402,-9.311381879611652,-43.06288161955383,-37.023441074666266,-15.155955371258042,-28.12878305554256,17.954415196956887,-53.4905898641176,-62.27426478237412,-2.787525385646923,-35.62528006808938,26.75708188311368,-38.06221096395023,29.58060992679861,-1.1922351628738639,-33.16696011009994,-10.748442063708861,-41.74275721727065,17.337777520591224,4.954473962136534,-39.90962258192935,-12.522151048647999,-47.093227261219255,-8.310857128150378,-16.32161824597816,-43.70319191821603,-56.871909729356844,-44.264508988505554,-14.144053556972239,24.001797580177627,8.809391726172732,-13.80457733654421,-31.743496883275302,-38.79319787437546,-0.6811119099801404,8.76621096210896,-10.444509759578848,-4.185871546742582,1.2843183232478714,1.4857209048778524,13.498675033454088,16.099300945882216,-21.714417497046195,-14.164432474227237,-18.399517758748907,-29.702654530640807,-29.186313490740524,3.4330489109003883,-78.58599495231005,-64.0950270410389,19.037877491407574,10.150069488494385,8.575291533759824,-4.720420871503353,-17.73364354052985,-20.81542265430304,-3.498591918993908,11.496105843485703,7.220608883595382,-32.45097368782396,28.691047988839486,26.515273338469157,-3.1034950123498266,43.2895632995301,29.230053830347146,-20.734217744650657,5.097449652259865,36.53131362565928,-12.850565320972834,32.14369598244877,214.49333338449335,224.05051975563038,7.951267564528878,-36.49491920591478,17.699315517264495,33.93667467332486,-44.21312021017587,50.09156628653231,-7.860582657805407,-23.425948669909168,21.842579259886833,54.64376569057701
2020-12-13,-9.362484040266873,55.16094296705556,-34.93588142939225,-51.924439123812654,-0.06673169077119834,-40.17026725470211,-18.369067105289513,-14.251160134252283,-21.224780825346567,7.372309019756827,-13.3026230368793,-0.5038014842708112,3.527541313455494,-37.47613311538005,-7.94397386532769,-51.607999890065166,25.730136853346032,-57.740091129286505,-27.4005996080985,-33.55746488088994,-65.17685077298943,7.829198788167034,-15.33160568099566,-31.686429043288967,2.566807623734121,21.63791597665888,-128.94506990284074,-167.9144998695049,-48.45641223838758,-43.51983865954854,-41.77425353558951,-8.6005151999756,-8.633615099006324,-20.257022128392613,57.71487423603918,71.46790377395784,-31.588121274746975,-7.632988991334877,-47.05602688829995,-14.413182337813526,-2.437159024350538,-34.28030654243172,-6.772572752006933,-0.8262761594128758,-33.343531810299346,5.448337245914816,16.829878934306535,-32.79126319767612,-69.09789033956379,4.98554511100688,-29.954540975106276,-36.37586697299835,-11.012844662207078,-39.98256274353507,-64.22173932236187,-62.3921109283381,41.254210984738975,31.592241611183393,4.766213427444358,-30.432383188655137,-15.595616350457604,-49.71356914953179,-41.670423974924994,1.8371068858204638,-4.24110135056568,-10.809186497215025,-34.75678480713172,-10.146576822356788,37.143838646965904,24.610355542568,22.753588222374624,-61.41503720330056,-32.119711296574664,-53.82886146644028,-66.14100661369864,-22.6056999489511,-34.383501855800446,-10.527898696957612,-57.893500607944326,-66.95602395186697,-16.043206109851774,-46.69994262575264,-2.1415906429482376,-46.42305236724097,-1.4488495189522546,-8.969518835163273,-40.361779253603004,-20.06092177215355,-44.81791759682656,-11.330408542821381,7.788486648893059,-33.90008247032587,-17.092904713478553,-40.47355229967887,-11.471294743994143,-49.54151017658427,-45.83004314076614,-56.36065913333898,-45.15435263792201,-15.15499933446686,3.070319826617599,-0.5546306993588459,-30.404112285611582,-37.7390575609216,-46.588075593060005,0.8420393767026345,-0.016504948797502195,-12.874302971927154,-13.487444957455683,-2.0005196839248987,-0.5910066245338195,8.844862219609006,1.4070167084764709,-25.1830939159992,-17.692684859938563,-28.636755227061435,-26.53057405647499,-23.47314185602004,-10.344388293272079,-90.48922382095066,-78.02135575861209,6.0254563314618395,-8.53311636935922,-0.6786184627790908,-9.683848832045552,-39.12812159502836,-21.448304745163966,-4.588510421430067,-11.147567995128119,0.3753715176485608,-35.68451959098104,1.0688300928614893,3.7430930180431656,-16.391168393233446,14.271047124380964,10.531939287824873,-34.48430572431202,1.257552363977619,20.854731656107937,-12.311248831816417,25.616370106242535,208.77017228888292,222.60926589007886,-2.664603793703489,-41.9162192835309,-13.607141130269243,5.572784718841238,-53.261600244026816,13.564494274200241,-32.74499155947292,-42.8676500712932,9.641723260860728,39.32756164758206
2020-12-14,-24.479940316926523,71.59810768272601,-25.504934288802776,-39.81575834034356,2.8982049617711643,-38.165358156186926,-15.970178208535604,-12.083952369973346,-7.322121576640992,13.88967966942911,-3.8054389162097535,4.504543715189089,11.765607293977702,-19.436779357058416,11.121838331731775,-63.24582384048779,36.72090229597273,-59.08781392682706,-28.20043803057341,-24.051567676474527,-58.14030090550611,18.688651964399007,-2.8578064645895926,-14.130526192583543,-1.957169164977195,20.591851603662008,-144.63222548690325,-157.85418852420048,-52.4399672335328,-34.91557763602376,-34.137994649701824,-6.072836453918402,-6.071017520097014,-6.038164468441512,60.247632026721476,72.56550989860456,-43.0327114618554,6.371387385309646,-43.53676793418923,-24.40297616814827,2.5586692169463516,-25.550681451388442,1.8968079910746045,10.517158715840377,-18.13885710348748,4.251624576710728,22.24967510726541,-25.57209410813871,-75.70166693702399,13.080239148219178,-30.41211181033595,-35.64578406252892,-11.967832090912768,-30.503799427400214,-61.12275572377766,-50.10415660017495,36.07476817173087,30.537321154459104,-1.9402844622207613,-33.96196776012681,-13.39528096024154,-47.45552294810312,-38.57346429661234,1.5624741959932271,-1.3250009966860414,-17.619624682545577,-33.285658404362636,-9.375040645662367,32.60425967988958,21.421796688698997,21.266166817398048,-65.804312198009,-18.377505830843887,-56.52979964045414,-52.539603283601565,-7.51365237806544,-22.701565246802456,8.202548512201338,-57.333199627718216,-66.52504116772148,-24.082087462997272,-52.12363284495101,-0.4945643708023528,-38.27823570014916,4.920170080166358,-11.894514207826553,-39.2598473372888,-11.380659544177469,-40.37809886285205,-6.18691698681582,12.422432073217657,-32.153778292354815,-13.094196214928953,-45.297846089108056,-8.105831044487351,-33.24958231215797,-46.74232389316654,-56.12802289145207,-45.65829702313204,-17.851622880107616,13.146351075764533,-1.7266875322204844,-22.110924027531212,-39.173582266955634,-47.845299435936596,-0.2147645677761425,15.524183403244235,-13.20867127439742,-5.456439409007354,0.39505728721834954,1.0604634483677864,3.025021150760587,13.363770111925657,-25.269502491439955,-18.08821486696349,-31.07295796775231,-27.138108210888333,-22.956242305398135,7.104163622174578,-96.7333900083124,-62.53034863187005,11.826874293685083,4.492018731255457,2.671523035205205,-2.155698380681965,-30.195926258487045,-33.32162414413844,-4.157944862733037,0.7896171451195402,0.4068420828718189,-29.796230983747748,15.268050914657014,-9.344132346604226,-20.295728370979695,5.849278451390386,-1.5774860387902425,-39.98565655013866,-7.873097241659828,32.686365593210404,-8.631605522034278,38.790317097821855,209.5666709587633,222.12461404941618,6.107679461519732,-39.151624071652655,-5.010004295005115,14.622133032960221,-47.29752171170524,18.616308179992195,-27.621541633571105,-25.81320845427323,3.803864053283978,34.296001753558386
2020-12-15,-30.591192894478343,68.558269230807,-23.269245658909732,-37.57966313197534,5.608681619012067,-37.45885583743804,-14.007012624193239,-11.67364455232213,-5.413962482891277,15.504230720499214,-3.6829561097698282,7.8008837716083805,14.151609067638859,-16.848660815502242,15.781200936981243,-65.2608273859783,38.815059718262525,-59.13999669839379,-29.003370152757658,-20.55357992926109,-57.01478994705552,24.19307383298066,-1.3052063803975265,-12.52149229950816,0.3259114922098165,22.56230161388573,-151.1700620970253,-159.87019872226864,-51.030422832699344,-33.05168698642606,-31.60632580220116,-4.114426340575745,-5.013090684659445,-3.150531502513132,61.05405674836796,73.21257031039143,-41.279670861849155,6.333613022412067,-39.64987565872088,-23.72139563249893,2.446052764665348,-23.321180927714654,2.8935228139107023,12.55979492527998,-13.467816047622064,5.290692449604624,22.146126505630093,-24.925748110984976,-78.44189078927019,15.026460021862807,-29.860604930083035,-34.90539899528624,-10.34613078212453,-28.046405664015047,-60.730715400867346,-47.662381235354665,35.255417321414924,30.380410971154884,-1.627214139657056,-34.04282465210087,-11.691177731093115,-47.42611818873862,-36.9544797856584,1.6832589448895545,-2.5142993528875333,-16.903461787622117,-33.41895674467089,-5.708187593089351,31.042164919865552,20.62392299533696,21.386413382314913,-65.14650823173378,-13.362632621059578,-54.45221328089875,-48.99092847263299,-6.066753686204578,-24.180716360211605,12.299303062861132,-57.53583278952093,-66.36675542605003,-24.400526441973007,-52.948506052731204,0.5557038471949127,-35.77700187723071,7.425186011150594,-10.953193511987573,-39.321278535893555,-9.494767416054806,-40.22760439597761,-0.8754648002266596,14.380394841563225,-32.900235041941954,-11.139384364801716,-48.91541705838889,-8.015611677657999,-32.61357480663978,-46.821853573459826,-55.95421935693985,-45.749975617611014,-18.580659040966864,16.4108250701668,-1.576661472214435,-22.11505058426089,-38.722806461482456,-46.50291064705805,-1.2227709591299776,16.326505618150758,-12.719372910117798,-5.575289799823422,1.4583201646967994,1.3189678948925416,3.0037538142888653,15.074537695948784,-24.375820548413554,-17.730179920939825,-29.89989177766933,-24.82742318001358,-23.555760653690474,11.288843105256793,-100.04435933707187,-60.900498857801736,15.326253511220278,6.964348952277018,3.7878387239972624,-1.1648731931136953,-28.938146386738953,-33.79190423315637,-4.757559155516288,3.1632059663253784,1.411042455269552,-29.441757588700636,19.449678096873996,-9.268353515701214,-19.050573583410003,7.4706634594070565,-2.909383531709336,-40.609359501466514,-9.153443651205837,32.61148072330925,-5.3537399331471605,43.01758845671581,214.50064450469526,224.40284370493092,7.282142311208104,-39.18635588100182,-1.9793676999224983,17.1419586093783,-46.791769555825894,21.53693585596342,-28.720012208199158,-25.087033995697624,4.558527753193962,35.09882025038027
2020-12-16,-31.71135096749013,68.17276767729486,-21.187103263405877,-36.45570343214202,7.329401105601657,-37.63516702667329,-13.136238156234958,-10.897063432691903,-5.024194718687621,17.927484739873726,-2.8364395041528003,10.573463336098028,16.017020866648622,-16.992299936128738,16.431920528951586,-63.963111503784766,39.09820984872367,-58.85305202727471,-29.31927508849896,-20.193172727518373,-57.33500862234252,24.49707353062915,0.5784344018514895,-11.094275604476682,0.9062097976080588,22.48597342186913,-153.53844040672445,-169.460001029905,-48.70781079380816,-32.769203716475175,-30.154615624997955,-3.064560969995439,-6.13589635208325,-2.0546761647754828,64.55184192468481,75.75266924435353,-38.40526923907578,6.124436654039403,-37.938923823813525,-22.231219218431995,2.229251944521667,-22.90368469264578,3.7831139113356036,13.25522442833981,-12.309057620232261,5.18534431587932,20.371717731257156,-26.39082852260671,-78.89384954927482,11.875942253528587,-29.71666073354253,-34.52029597930492,-8.377657395589539,-27.958184109886158,-61.405825378267515,-50.15963142421076,36.81909128182126,31.564539146050862,0.16454491449122344,-33.231288512980974,-11.175582897410512,-47.771400883892014,-37.09693545631558,0.49014423219659986,-3.330311651688796,-17.467251670230826,-34.55397123038041,-6.7628989295294435,31.817568538510756,20.82015672791186,21.96737811331544,-65.6089431634683,-15.345935232983264,-54.44473431323718,-49.64754194890054,-6.063230177116839,-24.458354062355262,13.376005500338607,-57.79555293677645,-67.05892107560723,-23.194056293112943,-51.59228039858352,1.1908370530813706,-36.70968704278147,7.316636478942438,-10.050508910464883,-38.93879887150411,-8.342967434869411,-40.51492723154214,0.7351412526901104,15.388263445052164,-33.658202244303,-10.225211503138912,-47.150771191607895,-8.281947174103038,-31.028737807990815,-47.21439234943094,-56.197819256839715,-45.551399652424124,-17.061040064625285,16.11824378408329,-0.8407688683697845,-22.501864526787273,-37.93022783707938,-46.28282957592082,-0.7339550367303658,15.945620281175357,-13.88815955233366,-7.651532421978755,3.8609697548299993,3.7330982474062533,3.3253778903310476,14.024609373539667,-23.41698392783825,-16.581240870702658,-28.82656453455672,-23.405626448285442,-23.935973587345032,12.744162719258863,-98.26271268594596,-59.092712430404504,18.407359078007755,9.360264357596428,4.0159296767884625,-0.4786427474447903,-29.114052353771203,-31.274874641661686,-5.093019217742198,4.452508460302197,4.266255296399276,-28.64104291665882,21.951069628705017,-6.246810393700718,-17.409634600157254,10.246092635257103,-3.0441498868050783,-39.987432598925416,-5.735951571779275,34.3211861614319,-5.263547677863359,42.66235807820952,218.87026675637114,227.7867868975632,7.640881491990858,-38.888736486351256,-1.1404001908199652,18.488621614524174,-46.66569418633694,22.55155906376115,-26.90350839237049,-24.043490962647425,4.449651330485059,35.141765865561744
2020-12-17,-31.30450804853638,66.8106075505854,-18.408927161507595,-33.934724535032146,13.311713379364853,-35.70232895602308,-8.289931941961116,-10.7721496924535,-3.943575105712725,16.665474027488063,-4.844006223506688,9.492123680227323,18.389495836043846,-17.747705255071967,17.309551347721584,-62.851242129225646,39.67823655078144,-59.09403785655824,-29.236419715990206,-16.660035000808012,-56.73416807774121,26.854031673516296,2.3011112825389066,-10.358666536232198,2.47157879979783,24.758598440678284,-153.4062404479742,-173.6530220358632,-48.661666562237514,-34.69702407244739,-31.0389375896036,-4.546275737308943,-6.375163671752468,-3.4099970607226515,67.0902243341644,77.56727434318722,-36.0334446997412,4.6746495745240555,-36.777432967705764,-20.792925480783786,0.8787371296680826,-24.939506004107134,3.8337572426991726,12.8102630857404,-11.805498733788344,5.614207902379354,21.10628685642015,-25.718702827706714,-78.71993494020116,15.080576907733693,-27.22956484684609,-32.15454927899149,-6.329564696477976,-25.247611813709472,-59.973370984390115,-48.24960399547978,37.67084904330548,31.811274997896476,0.745172345759614,-32.65428652708622,-10.86302917198562,-47.64898598910253,-35.86544968881905,9.315809326259492,7.664543202065062,-16.561611973753102,-34.016867339552554,-5.9241651683203145,35.11307791927155,23.45841384843499,23.66610913712248,-64.39411274345419,-15.024754618090972,-52.638677246445006,-48.366447695286766,-4.379822252599699,-25.503195836436184,12.886459951147483,-57.226631277544264,-66.493451550857,-18.42624376046558,-48.41181394260741,4.722072495641878,-36.085407875923416,10.321887470683222,-9.429295472788946,-38.99587063690963,-7.664125361277774,-39.596810229228936,2.1103682033680857,25.294633892378933,-31.23161037038163,-2.5540696967681304,-45.94181434018335,-8.447933380307546,-30.979542258729012,-45.64537289116245,-55.674761441918776,-44.583406486321095,-15.49577303481102,18.000855100212107,-1.6112080867191032,-22.996170006192447,-34.679010464190505,-43.57002032490236,1.1031872721091587,16.610185499985008,-12.157032617446955,-7.748631719920468,12.303319896700758,9.528219303887369,5.299735665926431,16.476172892798992,-19.788122269882443,-13.498693940515968,-24.812035909820885,-22.75029355957296,-23.706913921089445,13.958853611182317,-96.74427399227712,-59.79222998185262,21.345393764822944,11.691842460752826,6.146944984510991,0.2138294827923033,-27.174990031057295,-29.533648675941187,-5.750226392737584,3.5153107339670058,2.9025985490875983,-31.343862709491837,20.775844693025032,-1.014767828218364,-13.101357627071067,15.80308273386488,3.245485832152161,-36.930148049606146,-6.937288913787731,32.80225156746795,-4.915083915263443,42.33291767865645,226.36106561875985,234.27778197526763,7.506832390853955,-40.21462204343353,-2.636351184965037,21.445893176485505,-46.326912585414114,24.460544026869137,-23.41513289282188,-21.188467674670722,5.4796122686223825,37.041181041902526
2020-12-18,-22.690142978997493,70.68731196601215,-8.348388417279315,-27.893606142852207,11.83724612454181,-35.327896959630834,1.354231552127576,-3.549798281890407,-0.520257449132993,22.399922915059776,-5.632110053823526,14.916972045538802,33.07180230629881,-18.0103314668031,25.44200622238889,-51.34257472860011,48.38710470808038,-55.51536061005156,-25.96937199062883,-2.800132580903206,-54.13277405299028,40.815420606249,12.82591257782523,-4.832263326112994,8.632777082006488,28.717195911977964,-137.97855081716958,-170.18947999657217,-40.22445335925188,-36.24389097620494,-23.45323663887779,1.9009782290739325,0.3284518222695674,10.4065346502503,55.66341286575067,68.21813887437354,-13.924692162010441,8.391778323801256,-10.162561120470581,-7.050553247140398,3.5225723304670957,-16.296915734090078,8.17528920824535,12.618456164697747,-10.580362451667202,14.312914014188866,24.791599561870676,-17.193035704719854,-74.97329148897629,19.238549289346285,-18.45458586284196,-22.65289266401131,3.5362824697341466,-16.118636528302755,-38.88019628839709,-35.99082509149686,42.48148617241714,34.15735390447467,17.28543889307732,-23.43697472580405,-2.8468801642849497,-44.09104406477417,-25.188676223459403,-13.23766685406211,-16.099581413733233,-8.682280144669846,-33.12257159239742,0.7952302022658384,54.98790873420043,39.23582384942948,40.918812373427784,-48.99680194346939,-0.7836786797213406,-35.53805361986589,-31.79845688942996,-3.4550843604163486,-24.32965465143995,17.614607030757835,-53.219252822214735,-62.02425975617249,-0.20919462805851552,-36.69705829740546,20.89683412041643,-32.9323783394215,23.369614940809548,-5.911528415599248,-36.35513201616027,-1.953752441033327,-37.599642513641875,14.243731790485407,21.25077743201865,-32.5660012501068,2.750893279586844,-37.83815357781003,-6.302325013109192,-24.612887155687872,-39.33820643264495,-53.669640108156315,-39.84436231081182,-3.418116838982421,30.28805949406214,7.101174509946415,-14.75993155317451,-25.71612021828908,-34.507983193521056,8.623247572077707,19.955693267931736,-3.2981590590579497,-4.30940231016609,13.851285150265477,10.178934451152568,12.3150614623809,20.96558095396157,-12.167897794491543,-5.98435674888462,-12.9069892413923,-15.392812623819363,-22.16069968293562,18.487803124135063,-82.40390735782985,-54.946980673653776,33.698802035861775,20.84373126408391,14.900587811982824,3.520923357681528,-18.86386130619843,-24.84642186161484,-2.6809045203061714,12.946981009720975,11.151002004475433,-30.856613852246042,27.521578409878302,22.981129422291556,3.7681255457775347,41.436036019955324,31.61542059096965,-22.43781862467128,2.8733319241834696,38.441217395153366,4.358778395164448,45.07151859533794,226.64118417061087,238.48443370052524,15.824129964841614,-37.067654221411246,9.187546448359111,39.31297778681282,-41.453755363444,44.83037595519312,-7.982717837862323,-13.31447734793525,15.450131207044375,47.000273638737596
2020-12-19,-16.432504708548045,69.27609553021128,-8.303328321389627,-31.84789574899045,-5.196807294023155,-44.0223674292924,-12.692777805689623,-11.690693135986047,-2.5829198799394617,16.09803918484436,-11.435348928852651,26.802465394543916,34.89358734963513,-26.836184856188105,23.554136652468657,-56.329455295607396,43.9909314506115,-55.10915808082255,-23.84322278623961,-16.197713443578102,-59.54777040246383,37.27150043917746,2.652448384105792,-16.666208804449198,20.394940507760065,37.75050977879444,-135.89877286771178,-172.6929019054944,-54.48878078481019,-44.14029231130302,-24.777012228374772,-6.643929038672466,-4.520347547236498,4.016017807723835,60.73083382636681,74.14297533564167,-21.49747883326942,-8.00814883906703,-16.841385707685053,-15.276563306190678,-1.7777940630428788,-18.556405416843056,4.726561200311108,8.581247956977403,-7.389083225794234,6.456240626445962,23.83688343879855,-9.301197863509856,-80.20051640539894,18.029540110908684,-24.758546851596734,-30.14322262622279,-5.751747221764639,-18.654872203710994,-44.85104921306123,-41.44055386584816,46.68248455774321,35.835378624008314,27.332444767726457,-16.271366947022997,-8.543901896458296,-47.23054960876525,-20.689935129590346,-9.639086949952468,-16.96339650430175,-5.739831167391758,-33.63469301965584,12.560747021793263,57.334181905554175,39.99051717715176,43.897150424668666,-57.65013800782146,-12.559384314073522,-50.76038324147433,-46.725418097617904,-14.97326578909546,-28.681620409608957,18.730120973897137,-53.063782382198234,-61.721804821991526,-4.421505325331555,-37.62492811073234,27.96590709986652,-37.17222164288922,31.32552625959587,0.1775401379363739,-32.068321260511965,-11.66577197005573,-41.60704119588385,17.355980506563597,6.499973574629227,-39.213854243125965,-11.477630330020139,-55.55752994067397,-8.075325224463013,-22.252914157719502,-43.16783157925895,-56.17505910923266,-43.48913777656076,-17.456513026535216,24.635198310235836,7.548946101480318,-13.785333720808518,-32.00307860787912,-38.456221723732554,-1.0103705520836868,9.72741668756862,-15.62969773851262,-10.358956992463836,2.2487208730979313,1.8523040672318123,14.018253461684782,17.29985209314382,-22.23224286944283,-12.916604023847878,-17.755657012979995,-33.322977962855425,-29.52065143914212,2.5336405064437937,-89.76833824506082,-74.59176757429992,21.338198584316803,12.069441340406055,9.07306090513725,-3.0535815162315116,-17.705705451001798,-27.87846071737982,-3.2475490195758225,10.45240214474104,5.13698865079559,-34.766404762653465,28.895137911748265,25.444682283722987,-2.9343830418370214,43.76453094041425,29.918678381237555,-20.508282227450664,-0.5712172707075593,37.99388319882929,-17.54523837640842,32.28590237697681,222.38524474139345,235.9488831241481,8.622570294881966,-37.53777616544638,18.146487301064624,33.630620219710764,-44.244687940483715,51.086769880878336,-7.588472240435138,-22.286228233817507,22.32380919605024,56.27211752172258
2020-12-20,-16.38501360334307,57.82478979913824,-33.46705046873002,-50.69173040486881,0.7565484266640139,-39.281520880549635,-17.361436104606952,-16.807850801213224,-21.16526173444226,7.822932333772798,-12.851710038151865,-0.6956750313389346,4.634878590710814,-35.77144333346404,-5.769938922964686,-60.364375866705146,26.482900324159278,-58.88914000260843,-28.15114576127668,-38.16885747663976,-66.14424158173045,8.401179911797378,-13.249596006500395,-29.67643992418926,4.135691092774738,23.633459706155648,-151.10331640712056,-197.79970692099528,-55.62986356584287,-43.898817468340276,-42.410691644731614,-12.854842644007928,-8.099529482780671,-23.924760376024395,60.49964216820455,74.6891375134698,-38.98764169914791,-10.433307018313632,-55.7060003893567,-20.158110210977352,-1.6961825130381591,-38.36442986119376,-7.83331559758658,0.13208150607241187,-33.09206252532903,4.142276883064275,17.75511207341883,-37.72811237924239,-80.62983573960543,2.3887220714598456,-29.754230800522805,-35.76157230839482,-13.53161706254841,-40.33986751775049,-69.84461286263047,-63.06397221873658,44.73798530376595,34.85035116688784,5.968964331532005,-30.10268713911238,-15.718080888763911,-49.22353959815667,-41.444525878649316,2.1768959541453174,-3.6912458499772107,-13.577764365022068,-34.33805468583649,-9.5934798783505,37.780393661515234,24.24020293782761,24.57399887382394,-70.43202187375547,-35.367713731024864,-61.52636308836957,-75.84298363663783,-22.423010366774385,-34.936339209857366,-9.75219291999376,-57.466693126024616,-66.40356399148405,-17.677186049546037,-48.69959066840085,-0.9327654261882561,-45.53306304617139,0.2960668138590421,-7.5997435343531485,-39.26314040401239,-20.978251678494598,-44.682201575435975,-11.312205556838908,9.33398626139622,-33.20431413152167,-16.048383994845246,-48.937854979148334,-11.235762840304446,-55.47280608830272,-45.294682801812066,-55.663808513215976,-44.37898142598022,-18.467458804041016,3.703720556686024,-1.8150763240546128,-30.3848686698676,-37.998639285528384,-46.251099442418905,0.5127807345923546,0.9447007766750968,-18.05949095086548,-19.660530403168607,-1.0361171340686157,-0.22442346217590803,9.364440647834355,2.6075678557530253,-25.700919288398293,-16.444856409562007,-27.992894481295576,-30.150897488698785,-23.80747980442555,-11.243796697713734,-101.67156711371113,-88.51809629186205,8.325777424372461,-6.613744517435697,-0.18084909139984706,-8.0170094767686,-39.1001835054874,-28.511342808252895,-4.3374675220136965,-12.191271693861239,-1.7082487151569343,-37.99995066580799,1.272920015787438,2.6725019632843425,-16.22205642272703,14.746014765258273,11.220563838700414,-34.25837020711731,-4.411114559004858,22.31730122928801,-17.005921887257898,25.75857650078035,216.6620836457894,234.50762925859692,-1.9933010633456396,-42.95907624306129,-13.159969346456336,5.266730265236131,-53.29316797432939,14.559697868555272,-32.472881142096014,-41.727929635184495,10.12295319702052,40.955913478726956
2020-12-21,-31.50246988000606,74.26195451482846,-24.036103328112766,-38.5830496213777,3.7214850792003644,-37.276611782037676,-14.962547207845052,-14.64064303692424,-7.262602485715037,14.340302983460603,-3.3545259174745325,4.312670168147947,12.872944571266606,-17.732089575126366,13.295873274129505,-72.00219981712314,37.47366576680898,-60.236862800144465,-28.950984183747327,-28.662960272197434,-59.10769171423778,19.26063308806181,-0.775796790069925,-12.120537073461403,-0.3882856959254095,22.58739533316805,-166.79047199117178,-187.73939557566882,-59.613418560981636,-35.29455644481024,-34.774432758821476,-10.327163897938874,-5.536931903863934,-9.705902716036022,63.032399958881584,75.78674363811103,-50.43223188623571,3.571069358343953,-52.186741435200204,-30.147904041304884,3.299645728263971,-29.634804770125054,0.8360651455115651,11.475516381338148,-17.88738781849073,2.9455642138664726,23.174908246385176,-30.50894328967812,-87.23361233706616,10.483416108685097,-30.21180163574532,-35.031489397916445,-14.486604491242783,-30.86110420159205,-66.74562926401545,-50.776017890547664,39.55854249075972,33.795430710165625,-0.7375335581113172,-33.63227171057084,-13.517745498536497,-46.96549339672347,-38.34756620031549,1.9022632642883432,-0.7751454961284132,-20.38820255034707,-32.866928283066805,-8.82194370163845,33.24081469446042,21.051644083975788,23.086577468869514,-74.82129686844841,-21.62550826526379,-64.2273012623673,-62.24158030650401,-7.330962795875936,-23.254402600847353,8.978254289198329,-56.90639214579332,-65.9725812073333,-25.716067402677673,-54.123280887588336,0.7142608459858462,-37.38824637906877,6.6650864130075504,-10.52473890701061,-38.16120848769092,-12.297989450503332,-40.242382841456504,-6.168714000803738,13.96793168571276,-31.458009953556672,-12.049675496291583,-53.76214876857781,-7.870299140792397,-39.18087822383988,-46.20696355420884,-55.43117227132856,-44.88292581118739,-21.164082349674224,13.779751805858663,-2.9871331569039112,-22.091680411766333,-39.43316399155503,-47.50832328528692,-0.5440232098838405,16.48538912873269,-18.39385925333018,-11.629524854708478,1.3594598370751205,1.4270466107262783,3.544599578989131,14.5643212592188,-25.787327863833525,-16.840386416581236,-30.42909722197534,-30.758431643108707,-23.29058025380641,6.2047552177550065,-107.91573330105797,-73.02708916509636,14.12719538661569,6.4113905832045335,3.16929240659676,-0.4888590253954417,-30.167988168923223,-40.38466220722923,-3.906901963313503,-0.25408655358428023,-1.6767781499204455,-32.11166205856627,15.472140837615928,-10.41472340134106,-20.126616400457475,6.3242460922968515,-0.8888614878951842,-39.75972103293024,-13.541764164634495,34.1489351664133,-13.326278577467706,38.93252349237302,217.45858231567163,234.02297741793498,6.778982191895208,-40.19448103117468,-4.5628325111577555,14.31607857938936,-47.329089441995514,19.611511774386457,-27.349431216166014,-24.673488018138354,4.2850939894540625,35.924353584715476
2020-12-22,-37.613722457538096,71.2221160628837,-21.800414698249615,-36.34695441303569,6.431961736460746,-36.570109463275706,-12.999381623484267,-14.23033521926037,-5.354443391998569,15.954854034533346,-3.232043111037591,7.609010224523171,15.258946344897101,-15.143971033590779,17.955235879332864,-74.01720336258185,39.56782318908115,-60.28904557170927,-29.753916305934865,-25.16497252498969,-57.982180755794126,24.76505495661576,0.7768032941154858,-10.511503180399092,1.8947949612381851,24.557845343365823,-173.32830860127845,-189.7554057737782,-58.20387416011127,-33.430665795211375,-32.24276391133694,-8.368753784583511,-4.479005068419343,-6.818269750129042,63.83882468050349,76.43380404987744,-48.6791912861964,3.533294995455167,-48.299849159738315,-29.466323505619663,3.1870292759891523,-27.405304246468486,1.832779968333201,13.518152590760147,-13.216346762677372,3.984632086780704,23.071359644738987,-29.862597292569912,-89.97383618929331,12.42963698229909,-29.660294755480535,-34.29110433066108,-12.864903182437196,-28.403710438232622,-66.35358894110573,-48.33424252575042,38.739191640449285,33.63852052686347,-0.4244632355556446,-33.71312860255466,-11.813642269380818,-46.93608863735568,-36.72858168938428,2.023048013151889,-1.9644438523625851,-19.672039655420132,-33.000226623377856,-5.155090649102882,31.678719934438305,20.25377039061546,23.206824033782205,-74.16349290215312,-16.6106350554919,-62.1497149027804,-58.69290549554753,-5.884064104027822,-24.733553714269952,13.075008839807023,-57.10902530759796,-65.81429546566407,-26.034506381634106,-54.948154095360835,1.7645290639541198,-34.88701255616243,9.170102343948765,-9.58341821118086,-38.2226396863076,-10.412097322381268,-40.09188837458461,-0.8572618142437678,15.925894454059655,-32.20446670313523,-10.09486364615681,-57.37971973780897,-7.780079773965854,-38.54487071837513,-46.28649323449237,-55.25736873681084,-44.97460440565648,-21.89311851049621,17.044225800244426,-2.837107096894973,-22.09580696851661,-38.98238818606995,-46.16593449640198,-1.5520296012129937,17.287711343626587,-17.904560889027994,-11.748375245535236,2.422722714556868,1.6855510572543673,3.523332242523841,16.275088843216004,-24.893645920790707,-16.48235147054435,-29.25603103188306,-28.447746612194173,-23.89009860208102,10.389434700827023,-111.22670262979486,-71.39723939102768,17.626574604161284,8.883720804211475,4.285608095390682,0.5019661621709,-28.910208297205322,-40.85494229622207,-4.5065162560933025,2.119502267597978,-0.6725777775067756,-31.757188663519997,19.653768019793326,-10.33894457042399,-18.881461612870922,7.9456311003159,-2.2207589807899772,-40.38342398425444,-14.822110574150596,34.0740502964906,-10.04841298854255,43.15979485126392,222.39255586159763,236.30120707345355,7.95344504158141,-40.22921284052699,-1.5321959161174972,16.83590415579126,-46.82333728612447,22.532139450324376,-28.447901790812793,-23.947313559586917,5.039757689358836,36.72717208152316
2020-12-23,-38.733880530552504,70.83661450937701,-19.7182723027407,-35.222994713197686,8.152681223047567,-36.74642065251385,-12.128607155531558,-13.453754099635699,-4.964675627788626,18.378108053903592,-2.3855265054215997,10.381589789020099,17.124358143910698,-15.287610154215194,18.6059554713096,-72.719487480397,39.85097331954299,-60.00210090059163,-30.069821241675587,-24.804565323249786,-58.30239943108088,25.069054654265344,2.6604440763628707,-9.084286485367382,2.4750932666410645,24.48151715135541,-175.69668691098116,-199.34520808140826,-55.88126212123252,-33.148182525263366,-30.791053734134035,-7.318888414010523,-5.601810735847694,-5.722414412393023,67.3366098568308,78.97390298384809,-45.80478966343606,3.324118627077131,-46.58889732483808,-27.97614709156446,2.970228455842032,-26.98780801140067,2.7223710657595506,14.213582093822318,-12.057588335277835,3.8792839530475627,21.296950870367997,-31.327677704182705,-90.4257949493021,9.279119213971528,-29.516350558944108,-33.90600131468448,-10.896429795908887,-28.315488884099853,-67.02869891851091,-50.83149271460495,40.30286560085456,34.82264870175881,1.3672958185913755,-32.901592463433815,-11.298047435703118,-47.28137133251095,-36.871037360038656,0.8299333004785722,-2.7804561511420625,-20.235829538031183,-34.135241109086614,-6.209801985536592,32.45412355308133,20.450004123188247,23.787788764780643,-74.62592783389643,-18.59393766741996,-62.14223593513158,-59.34951897181885,-5.880540594937997,-25.01119141641113,14.15171127729255,-57.36874545485357,-66.50646111522161,-24.82803623277996,-53.59192844121528,2.399662269845562,-35.81969772171256,9.061552811748488,-8.680733609656484,-37.84016002191576,-9.260297341198532,-40.37921121014887,0.7533442386749611,16.933763057553943,-32.96243390549641,-9.180690784494006,-55.615073871040096,-8.046415270411128,-36.960033719715575,-46.67903201046655,-55.50096863671244,-44.77602844047264,-20.3734995341659,16.751644514160567,-2.1012144930537753,-22.48262091104067,-38.189809561670394,-45.945853425267714,-1.0632136788199422,16.906826006652352,-19.073347531251436,-13.82461786768954,4.82537230469331,4.099681409770431,3.844956318564282,15.225160520812079,-23.9348093002199,-15.333412420310736,-28.182703788773868,-27.02594988047929,-24.270311535740195,11.84475431482754,-109.44505597867536,-69.58945296363473,20.70768017094241,11.2796362095315,4.513699048179586,1.1881966078388007,-29.086114264232044,-38.33791270473297,-4.841976318320989,3.408804761575675,2.1826350636153156,-30.956473991480483,22.155159551628806,-7.3174014484289565,-17.240522629624564,10.721060276162097,-2.3555253358936525,-39.761497081715255,-11.40461849473364,35.78375573461576,-9.958220733273235,42.804564472753995,226.76217811327712,239.68515026608702,8.312184222361186,-39.931593445877446,-0.6932284070102007,18.182567160936493,-46.69726191663515,23.546762658124802,-26.631397974980676,-22.90377052653234,4.930881266649441,36.77011769670697
2020-12-24,-38.32703761159212,69.47445438265869,-16.9400962008479,-32.702015816092754,14.13499349681647,-34.813582581859436,-7.2823009412494155,-13.328840359393913,-3.8840560148210828,17.11609734151614,-4.393093224779676,9.300250133138194,19.496833113301694,-16.043015473164306,19.483586290070967,-71.60761810582908,40.43100002159849,-60.24308672987426,-29.98696586916669,-21.271427596535723,-57.701558886480214,27.426012797152012,4.383120957048904,-8.348677417127478,4.040462268829227,26.754142170162375,-175.564486952223,-203.53822908736817,-55.83511788965366,-35.07600288123724,-31.675375698743384,-8.800603181321245,-5.841078055512288,-7.0777353083442165,69.87499226629939,80.78850808267315,-43.43296512408918,1.8743315475619549,-45.42740646872567,-26.53785335390474,1.619713640989259,-29.02362932286541,2.773014397119149,13.768620751217444,-11.55402944884577,4.308147539555112,22.03151999553126,-30.65555200928925,-90.25188034022361,12.483753868176526,-27.02925467224162,-31.54025461436508,-8.848337096791758,-25.604916587925427,-65.59624452462751,-48.92146528587249,41.15462336233999,35.069384553604216,1.9479232498611632,-32.32459047753925,-10.985493710274639,-47.15895643771974,-35.63955159254329,9.655598394534948,8.214398702604406,-19.330189841548385,-33.59813721825775,-5.3710682243303225,35.749632933847685,23.08826124371653,25.486519788591288,-73.41109741387241,-18.2727570525237,-60.33617886832641,-58.06842471820267,-4.1971326704240095,-26.056033190497406,13.662165728089409,-56.79982379562042,-65.94099159046962,-20.06022370012237,-50.4114619852346,5.930897712404901,-35.195418554854704,12.066803803485145,-8.059520171981557,-37.89723178732389,-8.581455267607064,-39.4610942078355,2.128571189350299,26.84013350488404,-30.535842031572013,-1.509548978117233,-54.40611701960596,-8.212401476615925,-36.910838170468054,-45.11001255219311,-54.977910821789195,-43.80803527436609,-18.808232504341948,18.634255830290336,-2.8716537114014877,-22.976926390449343,-34.93859218877578,-43.23304417424375,0.7739286300265753,17.571391225459042,-17.34222059635526,-13.921717165631714,13.267722446566506,9.894802466252123,5.819314094164139,17.676724040068578,-20.305947642257685,-12.25086549011906,-24.168175164031577,-26.370616991756645,-24.041251869480227,13.059445206748329,-107.92661728500104,-70.28897051508591,23.645714857761487,13.611214312684538,6.6447143559054735,1.8806688380752234,-27.147051941522164,-36.596686739006984,-5.499183493315188,2.4716070352350434,0.8189783163052666,-33.65929378431663,20.97993461593835,-2.085358882937204,-12.932245656529439,16.278050374777806,3.934110383079857,-36.70421253239059,-12.60595583673771,34.26482114064383,-9.6097569706617,42.47512407320158,234.2529769756657,246.1761453437938,8.178135121224638,-41.25747900296113,-2.189179401163022,21.139838722898332,-46.358480315713564,25.455747621230934,-23.143022475434417,-20.048747238561017,5.960842204789916,38.66953287304915
2020-12-25,-29.71267254205969,73.35115879812537,-6.87955745657956,-26.660897423882663,12.660526241960627,-34.439150585484406,2.361862552823787,-6.106488948831187,-0.46073835820551157,22.850546229101585,-5.181197055085649,14.725098498505096,34.17913958360357,-16.30564168487348,27.616041164791405,-60.098950705217305,49.13986817892539,-56.66440948336351,-26.719918143797894,-7.411525176615697,-55.10016486172081,41.387401729920825,14.907922252357505,-2.8222742069841367,10.201660551061822,30.71273964148348,-160.13679732141227,-200.07468704803924,-47.397904686688285,-36.62286978499286,-24.089674747987626,-2.3533492149371478,0.8625374385092242,6.73879640267384,58.44818079789562,71.4393726138675,-21.324212586363107,5.591460296842782,-18.812534621450293,-12.79548112027956,4.2635488417900085,-20.38103905281485,7.11454636268809,13.576813830194297,-10.328893166673954,13.006853651354302,25.716832700992516,-22.129884886251368,-86.50523688901043,16.641726249807522,-18.25427568824317,-22.038597999389452,1.0175100694152235,-16.475941302488685,-44.50306982860972,-36.66268638186156,45.96526049145411,37.415463460185585,18.488189797209436,-23.107278676235673,-2.969344702571088,-43.601014513390275,-24.962778127152234,-12.8978777858096,-15.549725913220119,-11.450858012463826,-32.70384147110224,1.3483271462912092,55.62446374879649,38.8656712447252,42.73922302492052,-58.013786613891114,-4.031681114131187,-43.23555524176097,-41.50043391231669,-3.272394778229006,-24.882492005480003,18.39031280775799,-52.79244534028524,-61.47179979578014,-1.8431745677187514,-38.69670634002846,22.10565933722101,-32.04238901834188,25.114531273660873,-4.541753114779759,-35.25649316655834,-2.8710823473530986,-37.46392649224517,14.261934776506891,22.79627704449521,-31.870232911313177,3.795413998220722,-46.30245625726313,-6.066793109411515,-30.544183067359892,-38.80284609368113,-52.97278948803126,-39.06899109886162,-6.730576308531781,30.92146022416592,5.840728885276209,-14.74068793739838,-25.975701942880093,-34.17100704286414,8.293988929979879,20.916898993422862,-8.48334703798283,-10.482487755864504,14.815687700115745,10.545517613507629,12.834639890616575,22.16613210125443,-12.685723166879237,-4.736528298495104,-12.263128495604652,-19.01313605603167,-22.495037631341614,17.588394719717016,-93.58625065055152,-65.4437212068718,35.999123128804726,22.763103116042423,15.398357183382384,5.187762712971435,-18.835923216627666,-31.909459924697885,-2.4298616208813417,11.90327731102963,9.067381771698162,-33.172044927059794,27.725668332845455,21.91053836758344,3.937237516317291,41.91100366089003,32.30404514189601,-22.211883107445935,-2.7953349987708496,39.90378696836812,-0.33589466026069914,45.21372498988769,234.53309552750918,250.38279706904268,16.49543269522755,-38.11051118092695,9.634718232221031,39.0069233332607,-41.48532309372853,45.82557954960942,-7.7106074204372135,-12.17475691179252,15.93136114322501,48.62862546990422
2020-12-26,-23.455034271633693,71.93994236233966,-6.834497360653206,-30.61518702998208,-4.373527176561779,-43.133621055127236,-11.6851468049455,-14.247383802900623,-2.523400788979886,16.548662498911607,-10.984435930100698,26.610591847516403,36.00092462697861,-25.131495074222027,25.72817159492017,-65.08583127221199,44.74369492149326,-56.258206954131474,-24.59376893940917,-20.809106039223156,-60.515161211170536,37.84348156290399,4.734458058687016,-14.656219685271658,21.96382397681118,39.74605350830077,-158.05701937195298,-202.57810895693248,-61.66223211221211,-44.5192711200717,-25.413450337457796,-10.898256482655638,-3.9862619309779252,0.34827956019946527,63.51560175850069,77.36420907512148,-28.896999257580774,-10.808466865983478,-25.491359208596435,-21.021491179303784,-1.036817551707696,-22.64052873553773,3.665818354778877,9.539605622496591,-7.137613940771008,5.150180263635402,24.762116577933057,-14.23804704502355,-91.73246180542614,15.432717071399942,-24.55823667697254,-29.528927961571686,-8.270519622048777,-19.01217697785727,-50.47392275322582,-42.112415156164786,50.16625887677228,39.0934881797167,28.53519567186136,-15.941670897454511,-8.66636643471901,-46.74052005737024,-20.46403703326424,-9.299297881715155,-16.41354100379411,-8.50840903518174,-33.21596289835704,13.11384396582373,57.97073692017121,39.62036457246771,45.71756107618131,-66.66712267820577,-15.807386748418008,-58.457884863315876,-56.42739512042728,-14.790576206866362,-29.234457763632555,19.505826750934837,-52.63697490026267,-61.169344861592315,-6.055485264960989,-39.62457615333806,29.174732316695607,-36.28223232178375,33.070442592473995,1.5473154387521637,-30.969682410911428,-12.583101876337539,-41.47132517447177,17.374183492620432,8.045473187150371,-38.51808590432112,-10.43310961133545,-64.02183262009828,-7.839793320756525,-28.18421006935698,-42.632471240280715,-55.47820848910081,-42.71376656459921,-20.768972496049493,25.26859904038692,6.288500476819687,-13.766090105013333,-32.26266033244351,-38.11924557305146,-1.3396291941589977,10.68862241309897,-20.814885717402092,-16.532042438135875,3.2131234229892645,2.2188872296145217,14.537831889924178,18.50040324047043,-22.75006824179715,-11.66877557343336,-17.111796267162173,-36.943301395026054,-29.854989387537277,1.6342321020878519,-100.95068153775581,-85.08850810745473,23.638519677312868,13.988813192414677,9.570830276566836,-1.3867421609168147,-17.677767361402715,-34.94149878045775,-2.9965061201490095,9.408698446085722,3.053368418039206,-37.08183583745693,29.099227834749364,24.37409122904105,-2.7652710712586455,44.23949858138632,30.607302932197957,-20.282346710210184,-6.239884193655311,39.456452772063244,-22.239911431777116,32.428108771571665,230.27715609832185,247.8472464926843,9.293873025300982,-38.580633124955746,18.593659084946204,33.32456576621438,-44.27625567074867,52.081973475331246,-7.316361822977626,-21.14650779762384,22.805039132231727,57.900469352889246
2020-12-27,-23.407543166413078,60.4886366312388,-31.99821950806087,-49.45902168591749,1.5798285441102102,-38.3927745063871,-16.35380510389954,-19.36454146815017,-21.105742643534946,8.273555647812536,-12.400797039408657,-0.8875485784198585,5.742215867976839,-34.0667535515346,-3.595903980595242,-69.12075184332095,27.235663794988525,-60.03818887592532,-28.901691914453558,-42.78025007236255,-67.11163239046247,8.973161035438942,-11.167586331975128,-27.666450805061995,5.704574561796433,25.629003435633194,-173.26156291138426,-227.68491397248965,-62.80331489326292,-44.277796277118114,-43.047129753860816,-17.109170088015663,-7.565443866539229,-27.592498623626476,63.28441010034255,77.91037125295688,-46.38716212351185,-13.233625045255236,-64.35597389037457,-25.90303808411201,-0.9552060017086315,-42.44855317993928,-8.894058443154883,1.090439171563638,-32.84059324037064,2.836216520236727,18.68034521253432,-42.664961560817936,-92.16178113963386,-0.2081009680966499,-29.553920625922444,-35.147277643770686,-16.05038946286533,-40.69717229195967,-75.46748640286587,-63.73583350912082,48.2217596227955,38.10846072259559,7.171715235626547,-29.772991089569242,-15.840545427051541,-48.73351004677138,-41.21862778237255,2.5166850224062616,-3.1413903494489963,-16.346342232828803,-33.91932456454163,-9.040382934365773,38.416948676084736,23.87005033310336,26.394409525289905,-79.44900654418181,-38.61571616544755,-69.22386471025875,-85.54496065954143,-22.24032078458246,-35.48917656390002,-8.976487143029264,-57.03988564410067,-65.85110403109768,-19.311165989217223,-50.69923871103625,0.2760597905727735,-44.64307372509667,2.0409831466632014,-6.229968233550275,-38.16450155442434,-21.89558158481381,-44.546485554038284,-11.294002570855323,10.87948587389297,-32.508545792713136,-15.00386327620029,-57.40215765857219,-11.00023093660845,-61.40410200001802,-44.7593224628462,-54.96695789308726,-43.60361021402669,-21.779918273574513,4.337121286771506,-3.0755219487363803,-30.36562505411272,-38.258221010119115,-45.91412329176658,0.18352209250791518,1.90590650216771,-23.244678929778292,-25.83361584887107,-0.07171458420914956,0.14215970018605706,9.884019076062383,3.8081190030322603,-26.218744660778132,-15.19702795916851,-27.349033735514464,-33.771220920885135,-24.14181775281577,-12.14320510212909,-112.85391040643839,-99.0148368250731,10.626098517314837,-4.694372665489267,0.31692027999556593,-6.350170121476801,-39.07224541594407,-35.574380871332906,-4.086424622589434,-13.234975392576679,-3.791868947934746,-40.31538174062071,1.4770099387198954,1.601910908545876,-16.052944452195142,15.220982406155287,11.909188389606207,-34.03243468991094,-10.079781481959198,23.779870802484325,-21.700594942655417,25.90078289533798,224.55399500268567,246.4059926271153,-1.3219983329637017,-44.00193320258285,-12.712797562642626,4.960675811656671,-53.32473570462152,15.554901462920187,-32.200770724701854,-40.588209199054916,10.604183133178363,42.58426530986399
2020-12-28,-38.524999443078414,76.92580134692662,-22.567272367432864,-37.35034090241923,4.544765196642349,-36.387865407879154,-13.954916207138947,-17.197333703863208,-7.203083394800329,14.790926297499649,-2.9036129187353183,4.1207966210838105,13.980281848545733,-16.027399793196345,15.469908216512176,-80.75857579374092,38.22642923764361,-61.38591167346017,-29.70153033692257,-33.274352867913535,-60.07508252296856,19.83261421171776,1.3062128844564,-10.110547954334972,1.1805977731102368,24.582939062657783,-188.94871849543227,-217.62460262715166,-66.78686988840639,-35.67353525359108,-35.410870867944084,-14.581491341947268,-5.002846287622809,-13.373640963630244,65.81716789102356,79.00797737760175,-57.83175231059476,0.770751331394306,-60.836714936203805,-35.892831914440336,4.040622239589542,-33.718928088863755,-0.22467770005361054,12.433874046831678,-17.635918533517263,1.6395038510370643,24.1001413855026,-35.44579247123832,-98.76555773709757,7.886593069138673,-30.011491461144924,-34.417194733292746,-17.005376891559326,-31.218408975791505,-72.36850280424424,-51.447879180923415,43.04231680978998,37.05354026587322,0.46521734599405384,-33.30257566102027,-13.640210036823092,-46.47546384533922,-38.12166810402776,2.242052332554576,-0.22528999559798812,-23.156780418147967,-32.448198161771586,-8.26884675763597,33.87736970903598,20.681491479256753,24.906988120342742,-83.8382815388721,-24.873510699678377,-71.92480288425637,-71.9435573293994,-7.148273213684876,-23.80723995489257,9.753960066176118,-56.479584663868025,-65.4201212469449,-27.350047342345185,-56.122928930220326,1.9230860627616613,-36.498257057990244,8.41000274582932,-9.15496360620148,-37.06256963809908,-13.215319356822356,-40.10666682005918,-6.150511014803495,15.513431298209177,-30.76224161475264,-11.005154777646107,-62.22645144801539,-7.634767237096397,-45.11217413554227,-45.67160321524371,-54.73432165120092,-44.10755459923544,-24.476541819214773,14.41315253595223,-4.247578781583224,-22.072436796006393,-39.692745716145176,-47.17134713463145,-0.8732818519742029,17.446594854223925,-23.57904723224568,-17.802610300409373,2.323862386935162,1.7936297730876611,4.064178007220119,15.76487240650418,-26.305153236214643,-15.592557966188856,-29.785236476190676,-34.378755075301974,-23.624918202202622,5.3053468133411075,-119.098076593787,-83.5238296983099,16.42751647955969,8.330762435155036,3.6670617779941344,1.1779803298953844,-30.14005007937027,-47.44770027030947,-3.6558590638904302,-1.297790252292325,-3.7603983826997274,-34.42709313338098,15.676230760560783,-11.485314456069743,-19.95750442992209,6.799213733207242,-0.2002369369836252,-39.53378551571842,-19.21043108759202,35.611504739612,-18.02095163287178,39.07472988693101,225.3504936725748,245.9213407864551,7.450284922277412,-41.23733799069568,-4.11566072732798,14.01002412581946,-47.3606571722857,20.606715368769073,-27.077320798764482,-23.53376758200565,4.766323925620209,37.552705415863294
2020-12-29,-44.63625202061735,73.88596289499364,-20.331583737546175,-35.11424569406201,7.255241853874308,-35.68136308913675,-11.991750622806517,-16.78702588621757,-5.294924301062307,16.405477348564006,-2.7811301123039867,7.417136677508047,16.366283622201273,-13.439281251658631,20.1292708217452,-82.77357933922417,40.32058665992158,-61.43809444502575,-30.504462459105966,-29.77636512071581,-58.94957156452686,25.337036080286765,2.8588129686344157,-8.501514061277984,3.4636784303057686,26.553389072885444,-195.4865551055443,-219.64061282523838,-65.37732548757468,-33.809644604003154,-32.879202020449156,-12.62308122861008,-3.944919452192458,-10.486007997716253,66.62359261267697,79.65503778939534,-56.07871171058302,0.7329769684775709,-56.949822660742996,-35.21125137878742,3.9280057873014282,-31.48942756519811,0.7720371227748326,14.476510256261502,-12.964877477660728,2.6785717239262867,23.996592783859526,-34.799446474088995,-101.50578158934117,9.832813942770436,-29.459984580896364,-33.67680966605576,-15.383675582773972,-28.76101521241649,-71.9764624813432,-49.006103816120905,42.22296595948103,36.89663008257153,0.7782876685673319,-33.38343255298857,-11.936106807680005,-46.44605908597913,-36.50268359307614,2.3628370814544035,-1.4145883517998676,-22.440617523219927,-32.581496502083,-4.601993705060762,32.31527494901418,19.883617785895066,25.027234685259806,-83.18047757260032,-19.858637489915623,-69.84721652470891,-68.39488251845144,-5.701374521841476,-25.286391068312852,13.850714616822737,-56.682217825672176,-65.26183550527547,-27.668486321318518,-56.947802137996916,2.9733542807589552,-33.99702323508226,10.915018676809805,-8.213642910356896,-37.12400083670252,-11.32942722871054,-39.956172353190894,-0.8390588282170914,17.471394066544907,-31.508698364345403,-9.050342927529481,-65.84402241729913,-7.544547870271198,-44.47616663003325,-45.75113289554001,-54.56051811669095,-44.19923319371653,-25.205577980078647,17.677626530341108,-4.097552721576322,-22.076563352743626,-39.241969910674726,-45.82895834575556,-1.8812882433326439,18.24891706911242,-23.089748867974723,-17.921460691237165,3.3871252644083047,2.052134219609817,4.042910670752661,17.47563999051386,-25.411471293193472,-15.234523020168439,-28.612170286109304,-32.06807004443496,-24.224436550499753,9.490026296403126,-122.40904592254377,-81.89397992426015,19.926895697085715,10.803092656163658,4.78337746677929,2.1688055174548024,-28.882270207630143,-47.91798035931661,-4.255473356675183,1.0757985689035148,-2.756198010302225,-34.072619738338766,19.857857942769837,-11.409535625155787,-18.71234964235385,8.420598741230316,-1.5321344298998536,-40.157488467042924,-20.490777497128953,35.53661986970322,-14.74308604399979,43.302001245807276,230.28446721850815,248.19957044197093,8.624747771954537,-41.272069800047014,-1.0850241322483523,16.529849702226393,-46.8549050164129,23.527343044737115,-28.175791373396304,-22.807593123447482,5.520987625535957,38.355523912691545
2020-12-30,-45.75641009362526,73.50046134148484,-18.249441342046612,-33.99028599423005,8.975961340474614,-35.85767427836618,-11.120976154840715,-16.010444766584616,-4.905156536861642,18.828731367937877,-1.9346135066851682,10.18971624198232,18.231695421204357,-13.582920372285022,20.779990413707257,-81.47586345702669,40.60373679038034,-61.15114977390777,-30.820367394848045,-29.41595791897213,-59.26979023981306,25.641035777927048,4.742453750886241,-7.074297366242925,4.043976735693263,26.47706088086099,-197.85493341524128,-229.23041513288177,-63.05471344867918,-33.52716133405173,-31.427491843251836,-11.573215858030453,-5.067725119615995,-9.390152659984437,70.12137778899285,82.19513672335569,-53.20431008781064,0.5238006001123288,-55.238870825843875,-33.72107496471814,3.711204967159963,-31.07193133013584,1.6616282201985682,15.17193975931968,-11.806119050281858,2.5732235902031877,22.22218400948698,-36.26452688572016,-101.9577403493409,6.682296174433716,-29.316040384352434,-33.29170665007071,-13.415202196236464,-28.672793658290793,-72.65157245874452,-51.50335400497945,43.78663991988693,38.08075825746731,2.5700467227068753,-32.57189641387416,-11.420511973997696,-46.79134178113105,-36.64513926374021,1.1697223687678624,-2.2306006505885074,-23.00440740583254,-33.71651098779179,-5.656705041515028,33.09067856765943,20.079851518469802,25.608199416256852,-83.64291250433396,-21.841940101843647,-69.83973755704405,-69.05149599472061,-5.697851012748959,-25.5640287704534,14.927417054290201,-56.94193797292776,-65.95400115483339,-26.462016172455115,-55.59157648384748,3.6084874866384693,-34.929708400634816,10.806469144591745,-7.310958308839366,-36.74152117231617,-10.177627247523336,-40.24349518875319,0.7715472246874218,18.47926267004695,-32.26666556669915,-8.136170065856835,-64.0793765505032,-7.8108833667159105,-42.891329631391265,-46.143671671508315,-54.804118016589264,-44.00065722852702,-23.6859590037283,17.38504524425445,-3.3616601177343703,-22.463377295273148,-38.44939128626772,-45.60887727461751,-1.3924723209251881,17.868031732141123,-24.258535510184903,-19.997703313391323,5.7897748545521175,4.466264572131758,4.36453474679442,16.42571166810433,-24.45263467261217,-14.085583969926331,-27.538843042994586,-30.646273312700266,-24.60464948414868,10.94534591040718,-120.62739927141176,-80.08619349685807,23.00800126387552,13.199008061483967,5.011468419572194,2.8550359631260696,-29.058176174666325,-45.40095076781976,-4.590933418900626,2.3651010628746008,0.09901483082709361,-33.27190506629781,22.359249474590058,-8.387992503157163,-17.071410659098525,11.196027917076037,-1.6669007849920625,-39.53556156450221,-17.073285417701165,37.24632530782359,-14.652893788709383,42.94677086730099,234.65408947018528,251.58351363460753,8.983486952738083,-40.97445040539796,-0.24605662316022947,17.876512707369763,-46.72882964692412,24.541966252523466,-26.3592875575673,-21.76405009039356,5.412111202820913,38.39846952786592
2020-12-31,-45.34956717468265,72.13830121476755,-15.471265240174983,-31.46930709714135,14.958273614221028,-33.92483620772212,-6.274669940594867,-15.885531026360008,-3.824536923901493,17.56672065554368,-3.9421802260370717,9.108376586103137,20.6041703905682,-14.338325691232857,21.6576212324559,-80.36399408248882,41.18376349241964,-61.39213560319597,-30.73751202234416,-25.882820192299064,-58.66894969522092,27.99799392078377,6.465130631548504,-6.338688298016088,5.609345737873326,28.749685899660435,-197.72273345652158,-233.42343613885424,-63.00856921712508,-35.454981690020645,-32.31181380787029,-13.05493062535346,-5.306992439293671,-10.745473555956965,72.65976019847942,84.0097418221973,-50.83248554851506,-0.9259864794128632,-54.077379969785184,-32.282781227093324,2.3606901523048878,-33.10775264161065,1.712271551550399,14.726978416716761,-11.302560163848586,3.0020871766898556,22.956753134641943,-35.59240119084028,-101.78382574027864,9.886930828620203,-26.828944497674925,-30.92595994977727,-11.367109497146949,-25.96222136213927,-71.21911806490574,-49.59332657627549,44.638397681366065,38.32749410931115,3.150674153953739,-31.994894427992428,-11.107958248586012,-46.66892688634735,-35.41365349626306,9.995387462837506,8.764254203165589,-22.098767709366562,-33.179407096966386,-4.8179712803163515,36.386187948385135,22.718108638964505,27.306930440036865,-82.42808208434887,-21.52075948697908,-68.0336804902849,-67.77040174114666,-4.014443088245098,-26.608870544539236,14.437871505085084,-56.373016313702564,-65.3885316300903,-21.69420363984486,-52.411110027896676,7.139722929166142,-34.30542923378525,13.811720136304345,-6.689744871168081,-36.79859293772519,-9.498785173947033,-39.325378186447274,2.1467741753418124,28.38563311734915,-29.840073692782877,-0.46502825951705784,-62.87041969909903,-7.976869572924201,-42.8421340821522,-44.574652213251966,-54.281060201671984,-43.03266406243263,-22.120691973937532,19.26765656035703,-4.132099336094362,-22.957682774692177,-35.19817391340059,-42.896068023618476,0.44466998789845913,18.53259695093763,-22.52740857531829,-20.094802611344846,14.232124996394383,10.26138562859305,6.33889252237746,18.877275187346275,-20.82377301467822,-11.003037039758498,-23.52431441828565,-29.99094042400276,-24.37558981789619,12.16003680231122,-119.10896057777443,-80.78571104832753,25.946035950662523,15.530586164614732,7.142483727275214,3.5475081933538224,-27.119113851973683,-43.65972480211204,-5.248140593898233,1.4279033365218197,-1.2646419164953817,-35.97472485912884,21.18402453889615,-3.1559499377195026,-12.763133686046945,16.753018015635178,4.622734933914192,-36.47827701520947,-18.274622759722,35.72739071385024,-14.304430026128092,42.61733046773964,242.14488833255538,258.07450871229463,8.849437851586192,-42.30033596248312,-1.7420076173214234,20.833784269292558,-46.39004804601202,26.450951215595705,-22.87091205805396,-18.90902680244426,6.442072140944907,40.29788470419125
2021-01-01,-36.73520210512202,76.01500563023862,-5.410726495879789,-25.428188704913104,13.483806359379457,-33.550404211337955,3.3694935535200177,-8.663179615771963,-0.4012192672780275,23.3011695431434,-4.730284056347763,14.533224951471388,35.28647686090834,-14.60095190294386,29.790076107193958,-68.85532668183454,49.89263164977042,-57.81345835667547,-27.470464296966963,-12.022917772328224,-56.06755567045137,41.95938285359266,16.989931926889817,-0.8122850878552619,11.770544020117175,32.70828337098905,-182.2950438256551,-229.95989409950647,-54.571356014124746,-37.001848593780764,-24.72611285709747,-6.607676658948251,1.3966230547488836,3.0710581550973544,61.23294873004059,74.66060635336147,-28.723733010715772,2.7911422698842836,-27.462508122430087,-18.54040899341876,5.004525353112927,-24.465162371539627,6.053803517130812,14.535171495690857,-10.077423881680701,11.70079328851972,26.64206584011437,-27.066734067782956,-98.03718228904476,14.044903210268727,-18.053965513644368,-21.424303334767593,-1.5012623309037405,-16.83324607667462,-50.12594336882239,-37.33454767222625,49.44903481049111,40.67357301589656,19.690940701341564,-22.77758262666729,-3.0918092408572244,-43.11098496200638,-24.73688003084507,-12.558088717557084,-14.999870412706999,-14.219435880257834,-32.28511134980706,1.9014240903165929,56.26101876339255,38.49551864002092,44.55963367641329,-67.0307712843129,-7.279683548541085,-50.93305686365616,-51.20241093520349,-3.089705196041665,-25.435329359520054,19.16601858475816,-52.36563785835576,-60.91933983538778,-3.4771545073790016,-40.696354382651506,23.314484554025608,-31.152399697262258,26.859447606512212,-3.1719778139602495,-34.15785431695642,-3.788412253672874,-37.32821047084847,14.28013776252838,24.3417766569718,-31.174464572519547,4.839934716854619,-54.76675893671632,-5.83126120571384,-36.47547897903196,-38.267485754717306,-52.27593886790619,-38.29361988691142,-10.043035778081162,31.554860954269717,4.580283260605987,-14.721444321622247,-26.235283667471094,-33.83403089220722,7.964730287882046,21.878104718913995,-13.668535016907775,-16.65557320156299,15.780090249966012,10.912100775862696,13.354218318852254,23.366683248547304,-13.203548539266933,-3.4886998481055773,-11.619267749816999,-22.63345948824399,-22.829375579747612,16.688986315298962,-104.76859394327319,-75.94046174008982,38.29944422174769,24.682474968000953,15.896126554781949,6.854602068261353,-18.807985127056902,-38.97249798778106,-2.178818721456511,10.85957361233827,6.98376153892086,-35.48747600187359,27.929758255812608,20.839947312875314,4.106349486857047,42.38597130182474,32.992669692822375,-21.98594759022059,-8.464001921725233,41.36635654158287,-5.030567715685946,45.35593138443744,242.42500688440762,262.2811604375601,17.166735425613496,-39.15336814044267,10.081890016082948,38.70086887970858,-41.51689082401306,46.82078314402574,-7.438497003012106,-11.03503647564978,16.41259107940565,50.25697730107085
2021-01-02,-30.47756383469545,74.6037891944291,-5.365666399987839,-29.38247831103894,-3.5502470591317925,-42.2448746809746,-10.677515804255304,-16.804074469849674,-2.463881698078904,16.99928581293958,-10.53352293136855,26.418718300447445,37.10826190424174,-23.426805292308323,27.902206537281113,-73.84220724883238,45.49645839231211,-57.407255827448566,-25.344315092584463,-25.420498634964662,-61.48255201991096,38.41546268653739,6.816467733193868,-12.646230566165293,23.53270744584823,41.741597237790245,-180.21526587621236,-232.46331600843007,-68.83568343964865,-44.89824992886144,-26.049888446592682,-15.15258392667568,-3.4521763147450697,-3.319458687417951,66.30036969064903,80.5854428146191,-36.296519681953704,-13.6087848929508,-34.14133270962772,-26.766419052447347,-0.29584104038808956,-26.724652054290765,2.6050755092030085,10.497963287979973,-6.886144655811281,3.844119900796912,25.687349717044754,-19.174896226592622,-103.26440720545857,12.835894031841868,-24.35792650238081,-28.914633296958318,-10.789292022377323,-19.36948175207246,-56.096796293473986,-42.784276446560796,53.65003319580615,42.35159773542527,29.737946575964806,-15.611974847904456,-8.788830973015827,-46.25049050599064,-20.238138936984974,-8.959508813436663,-15.863685503253716,-11.276986902983799,-32.797232777063336,13.66694090982256,58.607291934739436,39.25021196774143,47.537971727646266,-75.68410734864302,-19.05538918286031,-66.15538648522435,-66.12937214335376,-14.607886624691634,-29.78729511768576,20.281532527894857,-52.210167418339886,-60.61688490120688,-7.689465204637688,-41.62422419597481,30.38355753346174,-35.392243000716235,34.81535892528422,2.9170907395626493,-29.871043561319755,-13.500431782671562,-41.33560915308034,17.39238647860565,9.590972799635962,-37.82231756551974,-9.388588892705226,-72.486135299544,-7.604261417064538,-34.115505981074904,-42.097110901320484,-54.78135786897562,-41.93839535265116,-24.08143196560187,25.90199977046105,5.0280548521357735,-13.746846489262884,-32.52224205704212,-37.78226942240425,-1.6688878362566009,11.64982813857387,-26.00007369633007,-22.705127883847936,4.177525972838908,2.585470391969235,15.05741031815483,19.700954387742193,-23.267893614188882,-10.42094712304887,-16.467935521387233,-40.56362482723401,-30.189327335937158,0.7348236976492846,-112.13302483049301,-95.58524864069317,25.938840770237285,15.90818504434554,10.068599647953011,0.28009719436408065,-17.649829271861652,-42.00453684353698,-2.7454632207273537,8.364994747361221,0.9697481852513576,-39.39726691227738,29.303317757678077,23.303500174305068,-2.5961591007360614,44.714466222284315,31.295927483099106,-20.05641119300308,-11.90855111661456,40.91902234525203,-26.934584487202407,32.57031516611074,238.16906745521771,259.7456098612006,9.965175755669042,-39.62349008448039,19.040830868764626,33.01851131262242,-44.30782340104717,53.0771770696978,-7.0442514055882395,-20.0067873615112,23.286269068397317,59.52882118403698
2021-01-03,-30.430072729486184,63.15248346333043,-30.529388547395165,-48.22631296696989,2.403108661550921,-37.50402813222958,-15.346174103204543,-21.92123213509914,-21.046223552629137,8.724178961840394,-11.949884040673329,-1.0794221254943874,6.849553145237531,-32.362063769611844,-1.4218690382289836,-77.87712781994892,27.988427265809776,-61.18723774924473,-29.652238067631092,-47.39164266809888,-68.079023199199,9.545142159074906,-9.085576657464824,-25.656461685948493,7.273458030827616,27.624547165120372,-195.41980941565618,-257.5701210239822,-69.97676622070064,-44.65677508590291,-43.68356786299648,-21.36349753203573,-7.031358250305676,-31.260236871243457,66.06917803249426,81.13160499245643,-53.786682547894365,-16.033943072215454,-73.00594739141204,-31.64796595726131,-0.21422949038767092,-46.532676498693135,-9.954801288728861,2.0487968370519063,-32.58912395540628,1.5301561573976659,19.605578351648223,-47.60181074238889,-103.6937265396691,-2.80492400764843,-29.353610451330518,-34.53298297915684,-18.569161863194473,-41.05447706617197,-81.0903599431179,-64.40769479951219,51.705533941823816,41.3665702783017,8.374466139717661,-29.443295040026285,-15.96300996534851,-48.243480495391154,-40.992729686096325,2.856474090699163,-2.5915348488906504,-19.114920100635718,-33.500594443246584,-8.487285990370264,39.053503690644156,23.499897728371035,28.214820176747544,-88.46599121462252,-41.86371859988402,-76.92136633216806,-95.24693768246289,-22.05763120239814,-36.0420139179498,-8.200781366065078,-56.61307816217883,-65.29864407071304,-20.94514592889996,-52.698886753678075,1.4848850073332933,-43.753084404024506,3.7858994794709417,-4.86019293274376,-37.06586270483501,-22.812911491143947,-44.410769532644146,-11.275799584872294,12.424985486392934,-31.812777453906765,-13.959342557561154,-65.86646033801895,-10.764699032915603,-67.335397911735,-44.223962123886224,-54.270107272961404,-42.82823900207902,-25.09237774312836,4.970522016848459,-4.335967573425162,-30.346381438363288,-38.51780273471789,-45.577147141119845,-0.14573654958944746,2.867112227650326,-28.42986690870392,-32.00670129457882,0.8926879656487303,0.5087428625460015,10.403597504289081,5.0086701503101665,-26.736570033167602,-13.949199508783469,-26.705172989740962,-37.39154435309025,-24.47615570121364,-13.0426135065576,-124.03625369918241,-109.5115773583037,12.92641961024136,-2.7750008135542643,0.8146896513828965,-4.683330766192409,-39.04430732640192,-42.63741893441748,-3.835381723169116,-14.278679091300969,-5.875489180726424,-42.630812815440564,1.6810998616490984,0.5313198537972246,-15.883832481675986,15.695950047042459,12.597812940496878,-33.80649917271041,-15.748448404927654,25.24244037567253,-26.395267998074985,26.0429892898857,232.44590635958713,258.3043559956337,-0.6506956025937978,-45.04479016210883,-12.265625778829314,4.654621358064393,-53.356303434918864,16.550105057280167,-31.928660307316328,-39.44848876293575,11.08541306933719,44.21261714100496
2021-01-04,-45.547529006150704,79.58964817902476,-21.098441406752965,-36.117632183460756,5.368045314084338,-35.49911903372063,-12.94728520643285,-19.754024370802156,-7.1435643038856265,15.241549611538696,-2.4526999199961006,3.9289230740196706,15.087619125824855,-14.322710011266311,17.643943158894828,-89.51495177035873,38.97919270847823,-62.53496054677589,-30.45207649009781,-37.885745463629604,-61.04247333169935,20.40459533537371,3.3882225589827413,-8.100558835208545,2.7494812421458903,26.57848279214751,-211.1069649996928,-247.50980967863444,-73.9603212158311,-36.05251406237191,-36.04730897706668,-18.835818785955663,-4.46876067138169,-17.041379211224445,68.60193582316553,82.22921111709242,-65.23127273495386,-2.0295666955553417,-69.48668843720742,-41.63775978757576,4.781598750915113,-37.80305140760245,-1.285420545618798,13.392231712325206,-17.38444924854379,0.33344348820766223,25.025374524620013,-40.38264165279856,-110.29750313712911,5.289770029592251,-29.811181286544524,-33.802900068669054,-19.524149291875847,-31.575713749990964,-77.99137634447304,-52.119740471299195,46.52609112882025,40.31164982158078,1.6679682500994186,-32.972879611469715,-13.762674575109685,-45.985434293954974,-37.89577000774004,2.5818414008208097,0.3245655049324383,-25.925358285948896,-32.02946804047636,-7.7157498136334866,34.51392472361155,20.31133887453771,26.727398771815956,-92.85526620929579,-28.12151313409297,-79.62230450614537,-81.64553435229477,-6.965583631493816,-24.360077308937782,10.52966584315391,-56.05277718194274,-64.86766128655653,-28.98402728201272,-58.122576972852286,3.131911279537478,-35.60826773691173,10.15491907865107,-7.785188305392344,-35.96393078850724,-14.13264926314138,-39.97095079866187,-6.132308028803253,17.058930910705598,-30.066473275948606,-9.960634059000645,-70.69075412745298,-7.399235333400394,-51.04347004724472,-45.136242876278565,-54.03747103107329,-43.33218338728348,-27.78900128875535,15.046553266045798,-5.50802440626253,-22.053193180246456,-39.952327440735324,-46.83437098397599,-1.2025404940645634,18.407800579715154,-28.76423521116118,-23.97569574611027,3.2882649367951964,2.1602129354490462,4.583756435451107,16.96542355378956,-26.822978608595758,-14.344729515796484,-29.141375730406015,-37.99907850749524,-23.959256150598833,4.405938408927207,-130.28041988651594,-94.0205702315235,18.727837572503688,10.250134287105535,4.164831149391507,2.844819685186199,-30.11211198981732,-54.51073833338977,-3.404816164467359,-2.3414939510003787,-5.844018615478992,-36.742524208195704,15.880320683505632,-12.555905510798427,-19.7883924593867,7.274181374117624,0.4883876139279284,-39.30784999850661,-24.879098010549512,37.0740743128107,-22.715624688275796,39.216936281488984,233.242405029478,257.8197041549753,8.121587652659615,-42.280194950216654,-3.6684889434982044,13.703969672249556,-47.39222490257588,21.601918963151697,-26.805210381362965,-22.394047145872957,5.2475538617863515,39.18105724701108
2021-01-05,-51.658781583677026,76.54980972707035,-18.862752776886055,-33.881536975122344,8.078521971322987,-34.79261671497443,-10.984119622097541,-19.34371655315583,-5.2354052101696,16.85610066259814,-2.3302171135717495,7.225263130422839,17.47362089945953,-11.734591469747174,22.30330576409683,-91.52995531582778,41.073350130740224,-62.58714331834122,-31.255008612283177,-34.38775771644441,-59.91696237326548,25.909017203921866,4.940822643147428,-6.491524942168918,5.032561899334129,28.548932802365538,-217.64480160979736,-249.52581987674793,-72.5507768149866,-34.188623412788466,-33.51564012958494,-16.877408672617843,-3.41083383595236,-14.153746245332163,69.4083605448125,82.87627152888133,-63.478232134930266,-2.067341058479354,-65.59979616176044,-40.956179251908154,4.668982298625231,-35.573550883951945,-0.2887057228026575,15.434867921741668,-12.713408192716038,1.3725113611023596,24.92182592296842,-39.73629565567398,-113.03772698936423,7.235990903206719,-29.25967440629387,-33.06251500143059,-17.902447983086663,-29.118319986634063,-77.59933602158158,-49.67796510651665,45.70674027851539,40.154739638280105,1.9810385726687372,-33.05373650344236,-12.058571345967714,-45.95602953459618,-36.27678549680201,2.702626149716734,-0.8647328512749204,-25.209195391017946,-32.162766380789954,-4.048896761074294,32.95182996358693,19.513465181173565,26.847645336727112,-92.19746224301966,-23.106639924347917,-77.54471814659057,-78.09685954136606,-5.51868493966472,-25.839228422371203,14.626420393768633,-56.2554103437492,-64.7093755448895,-29.302466260979635,-58.947450180626525,4.182179497518165,-33.10703391401398,12.659935009607974,-6.843867609550173,-36.02536198711657,-12.246757135037003,-39.82045633179789,-0.8208558422342,19.01689367904134,-30.812930025538684,-8.005822208884576,-74.30832509671929,-7.309015966579053,-50.40746254176857,-45.21577255657256,-53.86366749656193,-43.42386198176199,-28.518037449607988,18.311027260418733,-5.357998346256867,-22.057319736999347,-39.50155163526222,-45.49198219509948,-2.210546885415658,19.21012279458825,-28.274936846884916,-24.094546136949045,4.3515278142683655,2.4187173819716468,4.562489098987636,18.676191137781082,-25.929296665570618,-13.986694569772963,-27.968309540323034,-35.68839347661555,-24.5587744988903,8.590617891973357,-133.59138921526673,-92.39072045748608,22.22721679002672,12.722464508098115,5.281146838172709,3.8356448727393984,-28.85433211809651,-54.98101842238238,-4.004430457252198,0.03209487017611501,-4.839818243078552,-36.38805081315815,20.061947865689167,-12.48012667987856,-18.543237671814772,8.89556638213916,-0.8435098789804947,-39.931552949830845,-26.15944442007372,36.99918944288458,-19.43775909939513,43.44420764035538,238.17637857541052,260.0979338104935,9.296050502327844,-42.314926759572195,-0.6378523484433536,16.223795248639345,-46.88647274671148,24.522546639098074,-27.903680956009936,-21.667872687336775,6.002217561700828,39.98387574383443
2021-01-06,-52.778939656682866,76.16430817356266,-16.780610381394965,-32.75757727529725,9.799241457910385,-34.96892790420489,-10.113345154136358,-18.567135433523458,-4.845637445973687,19.27935468196927,-1.4837005079535541,9.997842694890366,19.339032698457135,-11.87823059037342,22.954025356056434,-90.23223943363419,41.35650026119924,-62.3001986472228,-31.570913548024166,-34.02735051470512,-60.23718104855212,26.21301690156223,6.824463425394526,-5.064308247138527,5.612860204720553,28.472604610339502,-220.0131799194947,-259.11562218437615,-70.22816477609553,-33.90614014283562,-32.06392995238895,-15.827543302037585,-4.533639503368653,-13.057890907600296,72.90614572110938,85.41637046282818,-60.603830512162055,-2.276517426843002,-63.888844326862596,-39.46600283783999,4.4521814784877884,-35.15605464888795,0.6008853746176981,16.130297424797316,-11.554649765344093,1.2671632273833637,23.147417148600464,-41.201376067305176,-113.48968574936747,4.085473134872197,-29.11573020975,-32.67741198544563,-15.93397459655423,-29.0300984325117,-78.27444599897889,-52.17521529536858,47.270414238919564,41.338867813174836,3.7727976268091536,-32.24220036432802,-11.542976512283557,-46.301312229745726,-36.41924116746476,1.5095114370089762,-1.6807451500908615,-25.772985273627587,-33.29778086649607,-5.103608097524806,33.72723358223204,19.7096989137491,27.428610067726975,-92.65989717475117,-25.089942536267255,-77.53723917892339,-78.75347301763554,-5.515161430576621,-26.116866124512175,15.703122831231997,-56.515130491003504,-65.40154119444442,-28.095996112119806,-57.591224526482485,4.817312703394939,-34.0397190795637,12.5513854773886,-5.941183008034119,-35.64288232273066,-11.094957153853064,-40.107779167360675,0.7897502106675978,20.024762282523813,-31.570897227894235,-7.091649347223854,-72.54367922993028,-7.575351463022327,-48.82262554313797,-45.6083113325389,-54.10726739645881,-43.2252860165718,-26.99841847325976,18.018445974333947,-4.622105742412961,-22.44413367952627,-38.70897301085863,-45.27190112396182,-1.7217309630088187,18.82923745761637,-29.44372348909231,-26.170788759100777,6.754177404392518,4.832847734477292,4.884113175029214,17.626262815370588,-24.970460044994155,-12.837755519534813,-26.894982297211932,-34.26659674488172,-24.938987432537235,10.045937505971274,-131.80974256414305,-90.58293403009375,25.30832235680988,15.118379913410356,5.5092377909651615,4.521875318409012,-29.03023808513484,-52.463988830895396,-4.339890519474371,1.321397364145766,-1.9846054019522215,-35.587336141116936,22.563339397503906,-9.458583557886847,-16.90229868856298,11.670995557979042,-0.9782762340692841,-39.30962604729095,-22.74195234065138,38.70889488100221,-19.34756684410121,43.08897726185198,242.54600082706858,263.48187700311905,9.654789683113297,-42.01730736492187,0.20111516064683865,17.57045825377915,-46.76039737722294,25.537169846884805,-26.087177140188782,-20.624329654290623,5.893341138989124,40.026821359010206
